unique_id,hotel_id,hotel_name,cluster_id,ds,occupied_nights,holiday_month,prediction_v2,seasonal_naive_v2,old_nhits
371,371,Ela Excellence Resort Belek,2,2026-01-01,189.0,1,12.981367111206055,0.0,0.0
371,371,Ela Excellence Resort Belek,2,2026-02-01,11.0,0,13.084222793579102,0.0,1.0651359558105469
371,371,Ela Excellence Resort Belek,2,2026-03-01,124.0,1,14.018753051757812,26.0,4.48602294921875
371,371,Ela Excellence Resort Belek,2,2026-04-01,5.0,1,33.117733001708984,30.0,26.974987030029297
371,371,Ela Excellence Resort Belek,2,2026-05-01,102.0,1,64.82157897949219,21.0,52.871212005615234
371,371,Ela Excellence Resort Belek,2,2026-06-01,69.0,0,128.26531982421875,122.0,84.50611877441406
371,371,Ela Excellence Resort Belek,2,2026-07-01,124.0,1,158.05020141601562,144.0,99.05332946777344
384,384,Adam & Eve,0,2026-01-01,0.0,1,0.0,0.0,1.852752685546875
384,384,Adam & Eve,0,2026-02-01,0.0,0,0.0,0.0,2.8480987548828125
384,384,Adam & Eve,0,2026-03-01,0.0,1,0.9688644409179688,16.0,4.6336212158203125
384,384,Adam & Eve,0,2026-04-01,0.0,1,7.839626312255859,18.0,6.47845458984375
384,384,Adam & Eve,0,2026-05-01,63.0,1,13.830322265625,38.0,21.231277465820312
384,384,Adam & Eve,0,2026-06-01,39.0,0,56.342464447021484,94.0,67.05030059814453
384,384,Adam & Eve,0,2026-07-01,161.0,1,107.80386352539062,137.0,92.5413055419922
386,386,Susesi Luxury Resort,0,2026-01-01,0.0,1,1.8557510375976562,11.0,0.0
386,386,Susesi Luxury Resort,0,2026-02-01,0.0,0,2.4209823608398438,5.0,0.0
386,386,Susesi Luxury Resort,0,2026-03-01,36.0,1,7.7692413330078125,57.0,0.0
386,386,Susesi Luxury Resort,0,2026-04-01,0.0,1,18.030181884765625,18.0,0.0
386,386,Susesi Luxury Resort,0,2026-05-01,130.0,1,21.705726623535156,13.0,0.0
386,386,Susesi Luxury Resort,0,2026-06-01,109.0,0,107.70339965820312,104.0,80.959716796875
386,386,Susesi Luxury Resort,0,2026-07-01,173.0,1,218.2947998046875,231.0,139.74388122558594
388,388,Club Hotel Sera,2,2026-01-01,0.0,1,7.895406723022461,0.0,4.050787448883057
388,388,Club Hotel Sera,2,2026-02-01,1.0,0,7.673736572265625,0.0,4.100166320800781
388,388,Club Hotel Sera,2,2026-03-01,6.0,1,7.864292144775391,0.0,4.190063953399658
388,388,Club Hotel Sera,2,2026-04-01,14.0,1,11.950050354003906,6.0,8.545589447021484
388,388,Club Hotel Sera,2,2026-05-01,59.0,1,17.755050659179688,10.0,15.98536205291748
388,388,Club Hotel Sera,2,2026-06-01,31.0,0,33.82664108276367,35.0,25.01311492919922
388,388,Club Hotel Sera,2,2026-07-01,63.0,1,41.553009033203125,18.0,29.767032623291016
402,402,Le Jardin Resort,0,2026-01-01,0.0,1,0.21986007690429688,0.0,0.0276908874511718
402,402,Le Jardin Resort,0,2026-02-01,0.0,0,0.1688385009765625,0.0,0.0
402,402,Le Jardin Resort,0,2026-03-01,0.0,1,3.3891372680664062,0.0,0.0
402,402,Le Jardin Resort,0,2026-04-01,2.0,1,10.21945571899414,0.0,0.0
402,402,Le Jardin Resort,0,2026-05-01,64.0,1,15.49683952331543,6.0,17.548208236694336
402,402,Le Jardin Resort,0,2026-06-01,6.0,0,73.57598876953125,92.0,88.60589599609375
402,402,Le Jardin Resort,0,2026-07-01,120.0,1,141.76803588867188,193.0,129.54412841796875
418,418,Club Hotel Turan Prince World,0,2026-01-01,0.0,1,0.0,0.0,7.0926055908203125
418,418,Club Hotel Turan Prince World,0,2026-02-01,0.0,0,0.08878326416015625,0.0,7.330162048339844
418,418,Club Hotel Turan Prince World,0,2026-03-01,3.0,1,7.6353912353515625,1.0,9.602737426757812
418,418,Club Hotel Turan Prince World,0,2026-04-01,3.0,1,22.577774047851562,1.0,17.131118774414062
418,418,Club Hotel Turan Prince World,0,2026-05-01,91.0,1,41.314796447753906,12.0,63.43783950805664
418,418,Club Hotel Turan Prince World,0,2026-06-01,44.0,0,158.79872131347656,31.0,169.83450317382812
418,418,Club Hotel Turan Prince World,0,2026-07-01,85.0,1,301.35040283203125,211.0,224.94293212890625
436,436,Limak Atlantis De Luxe Hotel & Resort,0,2026-01-01,4.0,1,3.244548797607422,10.0,0.0
436,436,Limak Atlantis De Luxe Hotel & Resort,0,2026-02-01,3.0,0,1.6754608154296875,2.0,0.0
436,436,Limak Atlantis De Luxe Hotel & Resort,0,2026-03-01,7.0,1,8.633174896240234,13.0,0.0
436,436,Limak Atlantis De Luxe Hotel & Resort,0,2026-04-01,11.0,1,18.01700210571289,9.0,0.0
436,436,Limak Atlantis De Luxe Hotel & Resort,0,2026-05-01,63.0,1,28.24471092224121,58.0,23.707836151123047
436,436,Limak Atlantis De Luxe Hotel & Resort,0,2026-06-01,150.0,0,143.84620666503906,154.0,165.0242919921875
436,436,Limak Atlantis De Luxe Hotel & Resort,0,2026-07-01,779.0,1,280.220703125,623.0,251.279296875
438,438,Limak Limra Hotel & Resort,0,2026-01-01,13.0,1,5.598701477050781,25.0,0.0
438,438,Limak Limra Hotel & Resort,0,2026-02-01,0.0,0,2.7351760864257812,0.0,0.0
438,438,Limak Limra Hotel & Resort,0,2026-03-01,18.0,1,15.946884155273438,4.0,0.0
438,438,Limak Limra Hotel & Resort,0,2026-04-01,3.0,1,31.573486328125,11.0,0.0
438,438,Limak Limra Hotel & Resort,0,2026-05-01,177.0,1,50.89429473876953,59.0,51.38383102416992
438,438,Limak Limra Hotel & Resort,0,2026-06-01,148.0,0,264.3761901855469,379.0,311.92095947265625
438,438,Limak Limra Hotel & Resort,0,2026-07-01,1318.0,1,513.199462890625,1059.0,465.9732971191406
439,439,Limak Lara De Luxe Hotel & Resort,0,2026-01-01,29.0,1,7.098197937011719,11.0,0.0
439,439,Limak Lara De Luxe Hotel & Resort,0,2026-02-01,1.0,0,5.791606903076172,2.0,0.0
439,439,Limak Lara De Luxe Hotel & Resort,0,2026-03-01,57.0,1,13.95489501953125,17.0,0.0
439,439,Limak Lara De Luxe Hotel & Resort,0,2026-04-01,3.0,1,23.687328338623047,16.0,0.0
439,439,Limak Lara De Luxe Hotel & Resort,0,2026-05-01,185.0,1,33.972442626953125,58.0,16.107318878173828
439,439,Limak Lara De Luxe Hotel & Resort,0,2026-06-01,132.0,0,160.8628692626953,269.0,154.74041748046875
439,439,Limak Lara De Luxe Hotel & Resort,0,2026-07-01,888.0,1,311.5544128417969,674.0,241.0494537353516
456,456,Robinson Çamyuva,0,2026-01-01,0.0,1,0.89788818359375,0.0,20.2210693359375
456,456,Robinson Çamyuva,0,2026-02-01,0.0,0,1.915985107421875,0.0,3.1776123046875
456,456,Robinson Çamyuva,0,2026-03-01,0.0,1,37.56964111328125,0.0,13.134124755859377
456,456,Robinson Çamyuva,0,2026-04-01,6.0,1,83.2847900390625,5.0,26.508331298828125
456,456,Robinson Çamyuva,0,2026-05-01,504.0,1,131.86825561523438,95.0,236.21990966796875
456,456,Robinson Çamyuva,0,2026-06-01,438.0,0,660.6183471679688,578.0,870.35546875
456,456,Robinson Çamyuva,0,2026-07-01,2242.0,1,1309.8525390625,1821.0,1236.3035888671875
457,457,Robinson Nobilis,0,2026-01-01,29.0,1,12.71884536743164,85.0,6.55963134765625
457,457,Robinson Nobilis,0,2026-02-01,24.0,0,12.66659927368164,14.0,7.159194946289063
457,457,Robinson Nobilis,0,2026-03-01,8.0,1,15.079580307006836,22.0,3.973064422607422
457,457,Robinson Nobilis,0,2026-04-01,2.0,1,22.030752182006836,12.0,0.0
457,457,Robinson Nobilis,0,2026-05-01,22.0,1,27.44662857055664,21.0,16.91701316833496
457,457,Robinson Nobilis,0,2026-06-01,86.0,0,90.18423461914062,88.0,91.17996215820312
457,457,Robinson Nobilis,0,2026-07-01,215.0,1,163.0967254638672,325.0,133.78880310058594
466,466,Sueno Hotels Beach Side,0,2026-01-01,0.0,1,0.54107666015625,0.0,0.0
466,466,Sueno Hotels Beach Side,0,2026-02-01,0.0,0,4.356201171875,0.0,0.0
466,466,Sueno Hotels Beach Side,0,2026-03-01,0.0,1,20.581512451171875,66.0,28.4417724609375
466,466,Sueno Hotels Beach Side,0,2026-04-01,0.0,1,100.53863525390625,70.0,195.158935546875
466,466,Sueno Hotels Beach Side,0,2026-05-01,341.0,1,220.1660919189453,86.0,491.5905151367188
466,466,Sueno Hotels Beach Side,0,2026-06-01,196.0,0,661.8175048828125,418.0,887.2860717773438
466,466,Sueno Hotels Beach Side,0,2026-07-01,998.0,1,1108.5147705078125,425.0,960.0032348632812
468,468,Sueno Hotels Golf Belek,0,2026-01-01,0.0,1,1.941986083984375,0.0,1.9676780700683596
468,468,Sueno Hotels Golf Belek,0,2026-02-01,0.0,0,1.5879669189453125,0.0,0.9270515441894532
468,468,Sueno Hotels Golf Belek,0,2026-03-01,10.0,1,4.343162536621094,3.0,2.567729949951172
468,468,Sueno Hotels Golf Belek,0,2026-04-01,10.0,1,11.449262619018555,10.0,2.12015151977539
468,468,Sueno Hotels Golf Belek,0,2026-05-01,48.0,1,15.971672058105469,11.0,12.76674461364746
468,468,Sueno Hotels Golf Belek,0,2026-06-01,230.0,0,61.36252975463867,86.0,59.80992889404297
468,468,Sueno Hotels Golf Belek,0,2026-07-01,268.0,1,116.7369384765625,130.0,91.34229278564452
471,471,Crystal Admiral Aqua Collection,0,2026-01-01,0.0,1,0.0,0.0,21.053863525390625
471,471,Crystal Admiral Aqua Collection,0,2026-02-01,0.0,0,0.108856201171875,0.0,14.513427734375
471,471,Crystal Admiral Aqua Collection,0,2026-03-01,0.0,1,27.8585205078125,0.0,23.56121826171875
471,471,Crystal Admiral Aqua Collection,0,2026-04-01,0.0,1,71.50204467773438,0.0,30.35556030273437
471,471,Crystal Admiral Aqua Collection,0,2026-05-01,455.0,1,109.63595581054688,194.0,140.9238739013672
471,471,Crystal Admiral Aqua Collection,0,2026-06-01,359.0,0,541.1016845703125,414.0,580.150390625
471,471,Crystal Admiral Aqua Collection,0,2026-07-01,1161.0,1,1091.998046875,1219.0,857.9564208984375
472,472,Crystal De Luxe Comfort Collection,0,2026-01-01,156.0,1,23.361648559570312,120.0,22.56311416625977
472,472,Crystal De Luxe Comfort Collection,0,2026-02-01,13.0,0,23.89657974243164,42.0,21.593151092529297
472,472,Crystal De Luxe Comfort Collection,0,2026-03-01,66.0,1,28.163097381591797,27.0,19.28815460205078
472,472,Crystal De Luxe Comfort Collection,0,2026-04-01,4.0,1,32.685489654541016,37.0,13.153133392333984
472,472,Crystal De Luxe Comfort Collection,0,2026-05-01,44.0,1,34.02113342285156,6.0,21.89411163330078
472,472,Crystal De Luxe Comfort Collection,0,2026-06-01,13.0,0,98.29866027832031,75.0,72.16458892822266
472,472,Crystal De Luxe Comfort Collection,0,2026-07-01,149.0,1,181.24969482421875,205.0,108.28158569335938
475,475,Crystal Family Comfort Collection,0,2026-01-01,0.0,1,0.8776168823242188,0.0,1.2192459106445312
475,475,Crystal Family Comfort Collection,0,2026-02-01,0.0,0,0.565826416015625,0.0,1.1812973022460938
475,475,Crystal Family Comfort Collection,0,2026-03-01,105.0,1,8.477516174316406,27.0,1.6524124145507812
475,475,Crystal Family Comfort Collection,0,2026-04-01,12.0,1,22.41480255126953,28.0,0.0
475,475,Crystal Family Comfort Collection,0,2026-05-01,95.0,1,37.81033706665039,54.0,26.92047119140625
475,475,Crystal Family Comfort Collection,0,2026-06-01,55.0,0,166.6205596923828,200.0,146.66595458984375
475,475,Crystal Family Comfort Collection,0,2026-07-01,665.0,1,319.2030944824219,456.0,221.1549072265625
527,527,Hotel Turan Prince,0,2026-01-01,0.0,1,0.10860061645507812,0.0,2.7073898315429688
527,527,Hotel Turan Prince,0,2026-02-01,0.0,0,0.04639434814453125,0.0,1.6311569213867188
527,527,Hotel Turan Prince,0,2026-03-01,0.0,1,2.5141448974609375,0.0,1.9289283752441408
527,527,Hotel Turan Prince,0,2026-04-01,0.0,1,7.255157470703125,0.0,2.480018615722656
527,527,Hotel Turan Prince,0,2026-05-01,45.0,1,12.747428894042969,0.0,18.496566772460938
527,527,Hotel Turan Prince,0,2026-06-01,32.0,0,56.12879943847656,13.0,63.22404479980469
527,527,Hotel Turan Prince,0,2026-07-01,35.0,1,108.83267211914062,119.0,88.4463119506836
528,528,Blue Waters Club,0,2026-01-01,0.0,1,0.0,0.0,4.238059997558594
528,528,Blue Waters Club,0,2026-02-01,0.0,0,0.2517204284667969,0.0,3.5216140747070312
528,528,Blue Waters Club,0,2026-03-01,0.0,1,1.6635627746582031,22.0,5.321193695068359
528,528,Blue Waters Club,0,2026-04-01,3.0,1,9.602903366088867,22.0,9.183050155639648
528,528,Blue Waters Club,0,2026-05-01,68.0,1,23.930389404296875,34.0,51.39397048950195
528,528,Blue Waters Club,0,2026-06-01,56.0,0,83.90364074707031,265.0,122.41973876953124
528,528,Blue Waters Club,0,2026-07-01,157.0,1,141.65223693847656,153.0,147.9037628173828
546,546,Crystal Tat Beach Pearl Collection,0,2026-01-01,0.0,1,1.602783203125,0.0,4.7506866455078125
546,546,Crystal Tat Beach Pearl Collection,0,2026-02-01,0.0,0,0.0,0.0,2.4445037841796875
546,546,Crystal Tat Beach Pearl Collection,0,2026-03-01,0.0,1,16.425445556640625,45.0,4.748870849609375
546,546,Crystal Tat Beach Pearl Collection,0,2026-04-01,8.0,1,45.90544128417969,27.0,1.08538818359375
546,546,Crystal Tat Beach Pearl Collection,0,2026-05-01,235.0,1,70.46126556396484,28.0,79.2690200805664
546,546,Crystal Tat Beach Pearl Collection,0,2026-06-01,83.0,0,333.45062255859375,262.0,372.5677795410156
546,546,Crystal Tat Beach Pearl Collection,0,2026-07-01,806.0,1,661.5155029296875,1046.0,557.0665283203125
573,573,Cornelia Diamond Golf Resort & Spa,0,2026-01-01,58.0,1,14.69879150390625,164.0,8.512557983398438
573,573,Cornelia Diamond Golf Resort & Spa,0,2026-02-01,4.0,0,12.616714477539062,7.0,2.888458251953125
573,573,Cornelia Diamond Golf Resort & Spa,0,2026-03-01,46.0,1,34.34089660644531,100.0,0.0
573,573,Cornelia Diamond Golf Resort & Spa,0,2026-04-01,24.0,1,59.491607666015625,74.0,0.0
573,573,Cornelia Diamond Golf Resort & Spa,0,2026-05-01,446.0,1,85.96165466308594,145.0,52.25559997558594
573,573,Cornelia Diamond Golf Resort & Spa,0,2026-06-01,105.0,0,428.90997314453125,649.0,401.758056640625
573,573,Cornelia Diamond Golf Resort & Spa,0,2026-07-01,734.0,1,841.63330078125,1450.0,617.1185302734375
596,596,Robinson Pamfilya,0,2026-01-01,0.0,1,0.0,0.0,0.0
596,596,Robinson Pamfilya,0,2026-02-01,0.0,0,0.23952865600585938,0.0,0.0
596,596,Robinson Pamfilya,0,2026-03-01,0.0,1,2.6693649291992188,0.0,0.0
596,596,Robinson Pamfilya,0,2026-04-01,4.0,1,10.310775756835938,0.0,0.0
596,596,Robinson Pamfilya,0,2026-05-01,50.0,1,18.073652267456055,15.0,4.626823425292969
596,596,Robinson Pamfilya,0,2026-06-01,139.0,0,88.97335815429688,221.0,73.95054626464844
596,596,Robinson Pamfilya,0,2026-07-01,209.0,1,168.5556640625,134.0,111.53759002685548
645,645,Xanadu Resort Hotel,2,2026-01-01,12.0,1,35.31049346923828,1.0,10.640228271484377
645,645,Xanadu Resort Hotel,2,2026-02-01,3.0,0,32.062721252441406,7.0,18.81260681152344
645,645,Xanadu Resort Hotel,2,2026-03-01,47.0,1,34.707557678222656,24.0,27.05028533935547
645,645,Xanadu Resort Hotel,2,2026-04-01,30.0,1,71.9383773803711,44.0,79.77906799316406
645,645,Xanadu Resort Hotel,2,2026-05-01,322.0,1,129.38917541503906,69.0,144.17861938476562
645,645,Xanadu Resort Hotel,2,2026-06-01,252.0,0,255.88815307617188,245.0,237.92169189453125
645,645,Xanadu Resort Hotel,2,2026-07-01,723.0,1,318.6082763671875,508.0,288.7841796875
646,646,Crystal Waterworld Aqua Collection,0,2026-01-01,0.0,1,2.3625335693359375,0.0,0.0
646,646,Crystal Waterworld Aqua Collection,0,2026-02-01,0.0,0,2.414520263671875,0.0,0.0
646,646,Crystal Waterworld Aqua Collection,0,2026-03-01,0.0,1,21.923934936523438,0.0,0.0
646,646,Crystal Waterworld Aqua Collection,0,2026-04-01,7.0,1,53.67681884765625,19.0,0.0
646,646,Crystal Waterworld Aqua Collection,0,2026-05-01,668.0,1,90.68745422363281,310.0,100.98095703125
646,646,Crystal Waterworld Aqua Collection,0,2026-06-01,248.0,0,403.7477111816406,487.0,467.9415283203125
646,646,Crystal Waterworld Aqua Collection,0,2026-07-01,974.0,1,771.799560546875,946.0,682.9729614257812
647,647,Crystal Sunset Pearl Collection,0,2026-01-01,0.0,1,0.2263946533203125,0.0,5.039581298828125
647,647,Crystal Sunset Pearl Collection,0,2026-02-01,0.0,0,2.0713043212890625,0.0,0.868377685546875
647,647,Crystal Sunset Pearl Collection,0,2026-03-01,0.0,1,14.800445556640625,0.0,4.4848480224609375
647,647,Crystal Sunset Pearl Collection,0,2026-04-01,47.0,1,35.06590270996094,0.0,0.0
647,647,Crystal Sunset Pearl Collection,0,2026-05-01,311.0,1,40.30949401855469,48.0,38.98854064941406
647,647,Crystal Sunset Pearl Collection,0,2026-06-01,424.0,0,234.33084106445312,302.0,251.2413330078125
647,647,Crystal Sunset Pearl Collection,0,2026-07-01,1086.0,1,487.7720031738281,742.0,393.1848754882813
688,688,Belconti Resort Hotel,1,2026-01-01,0.0,1,0.0,0.0,0.0
688,688,Belconti Resort Hotel,1,2026-02-01,0.0,0,0.0,0.0,0.0
688,688,Belconti Resort Hotel,1,2026-03-01,0.0,1,0.0,10.0,0.0
688,688,Belconti Resort Hotel,1,2026-04-01,4.0,1,0.0,11.0,0.0
688,688,Belconti Resort Hotel,1,2026-05-01,26.0,1,4.263708114624023,5.0,0.0
688,688,Belconti Resort Hotel,1,2026-06-01,14.0,0,38.1286735534668,26.0,0.1699390411376953
688,688,Belconti Resort Hotel,1,2026-07-01,33.0,1,53.417205810546875,115.0,0.5244770050048828
733,733,Regnum Carya,2,2026-01-01,212.0,1,49.922630310058594,0.0,33.59285354614258
733,733,Regnum Carya,2,2026-02-01,54.0,0,44.2894401550293,0.0,37.42181396484375
733,733,Regnum Carya,2,2026-03-01,128.0,1,46.67403793334961,0.0,40.83278274536133
733,733,Regnum Carya,2,2026-04-01,28.0,1,72.6294174194336,0.0,68.59138488769531
733,733,Regnum Carya,2,2026-05-01,106.0,1,111.14268493652344,58.0,98.177490234375
733,733,Regnum Carya,2,2026-06-01,106.0,0,180.56985473632812,207.0,140.0509796142578
733,733,Regnum Carya,2,2026-07-01,160.0,1,216.91360473632812,289.0,161.87322998046875
769,769,Queen's Park Göynük,0,2026-01-01,0.0,1,0.20809555053710938,0.0,0.9852867126464844
769,769,Queen's Park Göynük,0,2026-02-01,0.0,0,0.3302879333496094,0.0,0.0
769,769,Queen's Park Göynük,0,2026-03-01,0.0,1,3.796009063720703,0.0,3.619224548339844
769,769,Queen's Park Göynük,0,2026-04-01,0.0,1,16.457496643066406,0.0,11.507057189941406
769,769,Queen's Park Göynük,0,2026-05-01,47.0,1,32.57589340209961,31.0,52.37892150878906
769,769,Queen's Park Göynük,0,2026-06-01,24.0,0,114.7972183227539,60.0,144.0554962158203
769,769,Queen's Park Göynük,0,2026-07-01,135.0,1,203.30294799804688,193.0,186.19351196289065
808,808,Alder Resort Hotel,0,2026-01-01,0.0,1,0.11175346374511719,0.0,0.5159072875976562
808,808,Alder Resort Hotel,0,2026-02-01,0.0,0,0.12552261352539062,0.0,0.0
808,808,Alder Resort Hotel,0,2026-03-01,0.0,1,2.2511062622070312,0.0,0.0
808,808,Alder Resort Hotel,0,2026-04-01,0.0,1,7.350114822387695,0.0,1.8629417419433596
808,808,Alder Resort Hotel,0,2026-05-01,0.0,1,14.793374061584473,0.0,14.80810832977295
808,808,Alder Resort Hotel,0,2026-06-01,34.0,0,52.92948913574219,15.0,42.93442535400391
808,808,Alder Resort Hotel,0,2026-07-01,62.0,1,95.6777572631836,28.0,56.67655944824219
813,813,Champion Holiday Village,0,2026-01-01,0.0,1,0.0,0.0,10.58953857421875
813,813,Champion Holiday Village,0,2026-02-01,0.0,0,0.4718780517578125,0.0,3.175628662109375
813,813,Champion Holiday Village,0,2026-03-01,0.0,1,16.786087036132812,0.0,3.737945556640625
813,813,Champion Holiday Village,0,2026-04-01,0.0,1,43.35853576660156,0.0,0.0723419189453125
813,813,Champion Holiday Village,0,2026-05-01,359.0,1,75.34501647949219,39.0,86.09780883789062
813,813,Champion Holiday Village,0,2026-06-01,197.0,0,355.9219055175781,341.0,361.8409423828125
813,813,Champion Holiday Village,0,2026-07-01,1672.0,1,697.2758178710938,613.0,527.1658325195312
828,828,Selge Beach Resort & Spa,0,2026-01-01,0.0,1,0.0,0.0,6.430755615234375
828,828,Selge Beach Resort & Spa,0,2026-02-01,0.0,0,0.0,0.0,4.9928741455078125
828,828,Selge Beach Resort & Spa,0,2026-03-01,0.0,1,8.470619201660156,0.0,10.704246520996094
828,828,Selge Beach Resort & Spa,0,2026-04-01,0.0,1,29.014686584472656,0.0,19.18427276611328
828,828,Selge Beach Resort & Spa,0,2026-05-01,224.0,1,56.658477783203125,28.0,96.43858337402344
828,828,Selge Beach Resort & Spa,0,2026-06-01,542.0,0,233.18594360351562,307.0,310.3124084472656
828,828,Selge Beach Resort & Spa,0,2026-07-01,813.0,1,438.7451171875,538.0,433.0078125
886,886,Kimeros Park Holiday Village,0,2026-01-01,0.0,1,0.0,0.0,3.616775512695313
886,886,Kimeros Park Holiday Village,0,2026-02-01,0.0,0,0.0,0.0,1.2989349365234375
886,886,Kimeros Park Holiday Village,0,2026-03-01,0.0,1,8.103866577148438,0.0,8.412750244140625
886,886,Kimeros Park Holiday Village,0,2026-04-01,4.0,1,30.488128662109375,2.0,24.66172790527344
886,886,Kimeros Park Holiday Village,0,2026-05-01,174.0,1,56.73236083984375,212.0,77.41490173339844
886,886,Kimeros Park Holiday Village,0,2026-06-01,157.0,0,222.87445068359375,203.0,234.86569213867188
886,886,Kimeros Park Holiday Village,0,2026-07-01,480.0,1,425.50384521484375,266.0,331.3373718261719
887,887,Sueno Hotels Deluxe Belek,0,2026-01-01,14.0,1,1.8623046875,27.0,16.114471435546875
887,887,Sueno Hotels Deluxe Belek,0,2026-02-01,17.0,0,2.487823486328125,1.0,16.59466552734375
887,887,Sueno Hotels Deluxe Belek,0,2026-03-01,100.0,1,14.59014892578125,78.0,25.856430053710938
887,887,Sueno Hotels Deluxe Belek,0,2026-04-01,22.0,1,57.792266845703125,44.0,38.656280517578125
887,887,Sueno Hotels Deluxe Belek,0,2026-05-01,249.0,1,89.88951110839844,108.0,120.8115234375
887,887,Sueno Hotels Deluxe Belek,0,2026-06-01,828.0,0,328.6497497558594,400.0,404.728515625
887,887,Sueno Hotels Deluxe Belek,0,2026-07-01,1023.0,1,617.17724609375,718.0,576.80712890625
888,888,Club Barbarossa Hotel Kaş,0,2026-01-01,0.0,1,0.2644004821777344,0.0,0.1542091369628906
888,888,Club Barbarossa Hotel Kaş,0,2026-02-01,0.0,0,0.21420860290527344,0.0,0.0
888,888,Club Barbarossa Hotel Kaş,0,2026-03-01,8.0,1,1.3476438522338867,2.0,0.1361713409423828
888,888,Club Barbarossa Hotel Kaş,0,2026-04-01,0.0,1,4.075664520263672,0.0,1.0746135711669922
888,888,Club Barbarossa Hotel Kaş,0,2026-05-01,6.0,1,6.974519729614258,0.0,9.378185272216797
888,888,Club Barbarossa Hotel Kaş,0,2026-06-01,7.0,0,27.018482208251953,8.0,29.840728759765625
888,888,Club Barbarossa Hotel Kaş,0,2026-07-01,3.0,1,50.148738861083984,16.0,40.78818130493164
904,904,Ekici Hotel,0,2026-01-01,0.0,1,0.0839996337890625,0.0,0.7396121025085449
904,904,Ekici Hotel,0,2026-02-01,0.0,0,0.11054325103759766,0.0,0.2894344329833984
904,904,Ekici Hotel,0,2026-03-01,0.0,1,0.6982364654541016,0.0,0.2399306297302246
904,904,Ekici Hotel,0,2026-04-01,0.0,1,2.130941867828369,0.0,0.5044946670532227
904,904,Ekici Hotel,0,2026-05-01,11.0,1,4.2083563804626465,0.0,5.199971675872803
904,904,Ekici Hotel,0,2026-06-01,0.0,0,17.05059051513672,4.0,16.500438690185547
904,904,Ekici Hotel,0,2026-07-01,30.0,1,31.4495849609375,19.0,21.92059135437012
906,906,Annabella Diamond Hotel & Spa,0,2026-01-01,0.0,1,0.6554412841796875,0.0,2.0625457763671875
906,906,Annabella Diamond Hotel & Spa,0,2026-02-01,0.0,0,0.3576202392578125,0.0,0.3823394775390625
906,906,Annabella Diamond Hotel & Spa,0,2026-03-01,0.0,1,7.4190826416015625,0.0,2.462753295898437
906,906,Annabella Diamond Hotel & Spa,0,2026-04-01,129.0,1,18.037254333496094,50.0,2.602508544921875
906,906,Annabella Diamond Hotel & Spa,0,2026-05-01,358.0,1,29.491344451904297,124.0,35.284812927246094
906,906,Annabella Diamond Hotel & Spa,0,2026-06-01,255.0,0,132.30947875976562,140.0,157.6629638671875
906,906,Annabella Diamond Hotel & Spa,0,2026-07-01,535.0,1,256.98583984375,406.0,233.7195281982422
907,907,Annabella Park Hotel,0,2026-01-01,0.0,1,0.0,0.0,2.706947326660156
907,907,Annabella Park Hotel,0,2026-02-01,0.0,0,0.0,0.0,1.8629837036132808
907,907,Annabella Park Hotel,0,2026-03-01,0.0,1,3.0220794677734375,0.0,3.531047821044922
907,907,Annabella Park Hotel,0,2026-04-01,0.0,1,8.880598068237305,0.0,5.551898956298828
907,907,Annabella Park Hotel,0,2026-05-01,61.0,1,16.943180084228516,12.0,26.99514389038086
907,907,Annabella Park Hotel,0,2026-06-01,85.0,0,71.54523468017578,91.0,88.55807495117188
907,907,Annabella Park Hotel,0,2026-07-01,163.0,1,134.8651885986328,120.0,124.3032684326172
909,909,Sea View Otel Kaş,0,2026-01-01,0.0,1,0.3730134963989258,0.0,0.0
909,909,Sea View Otel Kaş,0,2026-02-01,0.0,0,0.344451904296875,0.0,0.0
909,909,Sea View Otel Kaş,0,2026-03-01,0.0,1,1.1030540466308594,0.0,0.0
909,909,Sea View Otel Kaş,0,2026-04-01,0.0,1,2.9251885414123535,0.0,0.0
909,909,Sea View Otel Kaş,0,2026-05-01,10.0,1,4.703757286071777,0.0,0.3431620597839355
909,909,Sea View Otel Kaş,0,2026-06-01,5.0,0,18.15765380859375,7.0,11.74376106262207
909,909,Sea View Otel Kaş,0,2026-07-01,13.0,1,33.1378173828125,12.0,18.458667755126957
912,912,Trendy Side Beach Hotels,1,2026-01-01,0.0,1,0.0,0.0,0.0
912,912,Trendy Side Beach Hotels,1,2026-02-01,0.0,0,0.0,0.0,0.0
912,912,Trendy Side Beach Hotels,1,2026-03-01,0.0,1,0.2081890106201172,0.0,0.0229749679565429
912,912,Trendy Side Beach Hotels,1,2026-04-01,7.0,1,0.0,0.0,0.3649499416351318
912,912,Trendy Side Beach Hotels,1,2026-05-01,15.0,1,1.309654951095581,7.0,2.433622121810913
912,912,Trendy Side Beach Hotels,1,2026-06-01,5.0,0,6.935687065124512,8.0,4.524209022521973
912,912,Trendy Side Beach Hotels,1,2026-07-01,10.0,1,8.677078247070312,3.0,4.299572944641113
913,913,Trendy Aspendos Beach,0,2026-01-01,0.0,1,0.0,3.0,0.0
913,913,Trendy Aspendos Beach,0,2026-02-01,0.0,0,0.0,2.0,0.0649528503417968
913,913,Trendy Aspendos Beach,0,2026-03-01,14.0,1,1.8173770904541016,0.0,1.6585636138916016
913,913,Trendy Aspendos Beach,0,2026-04-01,0.0,1,5.820284843444824,0.0,4.537195205688477
913,913,Trendy Aspendos Beach,0,2026-05-01,29.0,1,12.315794944763184,0.0,16.38470458984375
913,913,Trendy Aspendos Beach,0,2026-06-01,10.0,0,43.730865478515625,16.0,38.25269317626953
913,913,Trendy Aspendos Beach,0,2026-07-01,103.0,1,79.23764038085938,29.0,47.90917205810547
914,914,"Trendy Palm Beach (Adults Only, 16+)",1,2026-01-01,0.0,1,0.0,0.0,0.0
914,914,"Trendy Palm Beach (Adults Only, 16+)",1,2026-02-01,0.0,0,0.0,0.0,0.0
914,914,"Trendy Palm Beach (Adults Only, 16+)",1,2026-03-01,0.0,1,0.7450990676879883,0.0,0.1608791351318359
914,914,"Trendy Palm Beach (Adults Only, 16+)",1,2026-04-01,0.0,1,0.0,0.0,1.303243637084961
914,914,"Trendy Palm Beach (Adults Only, 16+)",1,2026-05-01,22.0,1,4.45282506942749,5.0,7.697685241699219
914,914,"Trendy Palm Beach (Adults Only, 16+)",1,2026-06-01,11.0,0,23.39905548095703,18.0,14.116607666015623
914,914,"Trendy Palm Beach (Adults Only, 16+)",1,2026-07-01,84.0,1,29.108619689941406,15.0,13.28439712524414
915,915,Trendy Verbena Beach,1,2026-01-01,0.0,1,0.0,0.0,0.0
915,915,Trendy Verbena Beach,1,2026-02-01,0.0,0,0.1482868194580078,0.0,0.0
915,915,Trendy Verbena Beach,1,2026-03-01,13.0,1,0.5657863616943359,0.0,0.0
915,915,Trendy Verbena Beach,1,2026-04-01,0.0,1,0.0,0.0,0.0
915,915,Trendy Verbena Beach,1,2026-05-01,58.0,1,3.720694065093994,3.0,2.856551170349121
915,915,Trendy Verbena Beach,1,2026-06-01,0.0,0,18.51370620727539,48.0,6.688909530639648
915,915,Trendy Verbena Beach,1,2026-07-01,59.0,1,23.684852600097656,14.0,6.681800365447998
924,924,Narcia Resort Side,0,2026-01-01,0.0,1,4.57763671875e-05,0.0,1.268390655517578
924,924,Narcia Resort Side,0,2026-02-01,0.0,0,0.30478858947753906,0.0,0.0
924,924,Narcia Resort Side,0,2026-03-01,0.0,1,1.3645267486572266,0.0,4.211082458496094
924,924,Narcia Resort Side,0,2026-04-01,0.0,1,7.114912033081055,0.0,12.96177101135254
924,924,Narcia Resort Side,0,2026-05-01,27.0,1,16.67993927001953,20.0,39.82380676269531
924,924,Narcia Resort Side,0,2026-06-01,42.0,0,54.297874450683594,78.0,84.20930480957031
924,924,Narcia Resort Side,0,2026-07-01,71.0,1,90.9583511352539,82.0,98.01179504394533
946,946,Cappari Hotels Aquarius,1,2026-01-01,0.0,1,0.000522613525390625,0.0,0.0
946,946,Cappari Hotels Aquarius,1,2026-02-01,0.0,0,0.0,0.0,0.0
946,946,Cappari Hotels Aquarius,1,2026-03-01,0.0,1,0.13126850128173828,0.0,0.0
946,946,Cappari Hotels Aquarius,1,2026-04-01,0.0,1,0.0,0.0,0.0
946,946,Cappari Hotels Aquarius,1,2026-05-01,0.0,1,0.8531410694122314,0.0,0.0
946,946,Cappari Hotels Aquarius,1,2026-06-01,2.0,0,8.211030960083008,0.0,0.0
946,946,Cappari Hotels Aquarius,1,2026-07-01,36.0,1,11.395249366760254,6.0,0.0328326225280761
950,950,Diamond Hill Resort Hotel,1,2026-01-01,0.0,1,0.0,0.0,0.0
950,950,Diamond Hill Resort Hotel,1,2026-02-01,0.0,0,0.0,0.0,0.0
950,950,Diamond Hill Resort Hotel,1,2026-03-01,0.0,1,0.0,0.0,0.0
950,950,Diamond Hill Resort Hotel,1,2026-04-01,0.0,1,0.0,0.0,0.0
950,950,Diamond Hill Resort Hotel,1,2026-05-01,15.0,1,4.52302360534668,13.0,0.237884521484375
950,950,Diamond Hill Resort Hotel,1,2026-06-01,23.0,0,25.92278480529785,34.0,1.5621442794799805
950,950,Diamond Hill Resort Hotel,1,2026-07-01,141.0,1,34.74244689941406,86.0,2.0001955032348637
1037,1037,Royal Holiday Palace Hotel,2,2026-01-01,0.0,1,2.6444196701049805,14.0,0.0
1037,1037,Royal Holiday Palace Hotel,2,2026-02-01,0.0,0,3.286792755126953,4.0,0.5331640243530273
1037,1037,Royal Holiday Palace Hotel,2,2026-03-01,0.0,1,3.9767332077026367,23.0,3.857620239257813
1037,1037,Royal Holiday Palace Hotel,2,2026-04-01,0.0,1,7.744757175445557,26.0,14.47054672241211
1037,1037,Royal Holiday Palace Hotel,2,2026-05-01,13.0,1,17.06855583190918,7.0,25.62119674682617
1037,1037,Royal Holiday Palace Hotel,2,2026-06-01,39.0,0,34.39379119873047,49.0,36.654396057128906
1037,1037,Royal Holiday Palace Hotel,2,2026-07-01,70.0,1,42.11463928222656,53.0,39.9323844909668
1038,1038,Royal Wings Hotel,2,2026-01-01,52.0,1,18.36237144470215,85.0,3.6857738494873047
1038,1038,Royal Wings Hotel,2,2026-02-01,17.0,0,19.575302124023438,80.0,0.3535957336425781
1038,1038,Royal Wings Hotel,2,2026-03-01,20.0,1,20.29635238647461,32.0,0.0
1038,1038,Royal Wings Hotel,2,2026-04-01,3.0,1,32.95532989501953,20.0,0.0
1038,1038,Royal Wings Hotel,2,2026-05-01,25.0,1,46.92804718017578,12.0,1.0062389373779297
1038,1038,Royal Wings Hotel,2,2026-06-01,22.0,0,91.07220458984375,25.0,16.988601684570312
1038,1038,Royal Wings Hotel,2,2026-07-01,347.0,1,112.83807373046875,70.0,31.96359634399414
1039,1039,Royal Alhambra Palace Hotel,0,2026-01-01,0.0,1,0.0,0.0,0.0
1039,1039,Royal Alhambra Palace Hotel,0,2026-02-01,0.0,0,0.3710594177246094,0.0,0.0
1039,1039,Royal Alhambra Palace Hotel,0,2026-03-01,0.0,1,1.605428695678711,11.0,0.0
1039,1039,Royal Alhambra Palace Hotel,0,2026-04-01,0.0,1,5.746131896972656,11.0,0.0
1039,1039,Royal Alhambra Palace Hotel,0,2026-05-01,116.0,1,10.8703031539917,33.0,3.8140869140625
1039,1039,Royal Alhambra Palace Hotel,0,2026-06-01,41.0,0,51.757843017578125,126.0,40.98638153076172
1039,1039,Royal Alhambra Palace Hotel,0,2026-07-01,494.0,1,96.94115447998047,79.0,60.5870361328125
1040,1040,Royal Dragon Hotel,1,2026-01-01,12.0,1,0.0,0.0,0.0
1040,1040,Royal Dragon Hotel,1,2026-02-01,2.0,0,0.6005764007568359,3.0,0.0
1040,1040,Royal Dragon Hotel,1,2026-03-01,16.0,1,0.3278970718383789,6.0,0.0
1040,1040,Royal Dragon Hotel,1,2026-04-01,0.0,1,0.0,3.0,0.0
1040,1040,Royal Dragon Hotel,1,2026-05-01,36.0,1,10.011280059814453,8.0,0.0
1040,1040,Royal Dragon Hotel,1,2026-06-01,27.0,0,38.84562683105469,136.0,1.6600732803344729
1040,1040,Royal Dragon Hotel,1,2026-07-01,538.0,1,49.149253845214844,123.0,2.045760154724121
1041,1041,Royal Taj Mahal Hotel,2,2026-01-01,105.0,1,19.35432243347168,129.0,0.0
1041,1041,Royal Taj Mahal Hotel,2,2026-02-01,21.0,0,19.77564239501953,27.0,0.0
1041,1041,Royal Taj Mahal Hotel,2,2026-03-01,37.0,1,22.41405487060547,47.0,0.0
1041,1041,Royal Taj Mahal Hotel,2,2026-04-01,6.0,1,48.72499084472656,13.0,0.0
1041,1041,Royal Taj Mahal Hotel,2,2026-05-01,91.0,1,88.60154724121094,1.0,20.51991271972656
1041,1041,Royal Taj Mahal Hotel,2,2026-06-01,89.0,0,186.66641235351562,82.0,74.01609802246094
1041,1041,Royal Taj Mahal Hotel,2,2026-07-01,751.0,1,237.53965759277344,272.0,109.1784210205078
1059,1059,Akra Antalya,2,2026-01-01,12.0,1,1.8373627662658691,0.0,0.0
1059,1059,Akra Antalya,2,2026-02-01,15.0,0,0.7771186828613281,0.0,0.806154727935791
1059,1059,Akra Antalya,2,2026-03-01,8.0,1,1.8015165328979492,3.0,3.4895384311676025
1059,1059,Akra Antalya,2,2026-04-01,11.0,1,4.626005172729492,21.0,6.573243618011475
1059,1059,Akra Antalya,2,2026-05-01,26.0,1,8.829218864440918,1.0,7.044975280761719
1059,1059,Akra Antalya,2,2026-06-01,19.0,0,16.738178253173828,37.0,5.668169498443604
1059,1059,Akra Antalya,2,2026-07-01,36.0,1,20.927600860595703,0.0,3.9207942485809326
1076,1076,The Lumos Deluxe,0,2026-01-01,0.0,1,0.05360603332519531,0.0,0.0
1076,1076,The Lumos Deluxe,0,2026-02-01,0.0,0,0.09177589416503906,0.0,0.0
1076,1076,The Lumos Deluxe,0,2026-03-01,0.0,1,0.835235595703125,6.0,0.3031253814697265
1076,1076,The Lumos Deluxe,0,2026-04-01,0.0,1,3.2387208938598633,5.0,1.72003173828125
1076,1076,The Lumos Deluxe,0,2026-05-01,11.0,1,6.529773712158203,3.0,5.846585273742676
1076,1076,The Lumos Deluxe,0,2026-06-01,8.0,0,20.44961166381836,5.0,14.069025039672852
1076,1076,The Lumos Deluxe,0,2026-07-01,43.0,1,35.802398681640625,14.0,17.87834930419922
1091,1091,Sui Resort Hotel,1,2026-01-01,0.0,1,0.0,0.0,0.0
1091,1091,Sui Resort Hotel,1,2026-02-01,0.0,0,0.0,0.0,0.0
1091,1091,Sui Resort Hotel,1,2026-03-01,0.0,1,0.0,0.0,0.0
1091,1091,Sui Resort Hotel,1,2026-04-01,0.0,1,0.0,8.0,0.0
1091,1091,Sui Resort Hotel,1,2026-05-01,0.0,1,1.8150694370269775,0.0,0.0
1091,1091,Sui Resort Hotel,1,2026-06-01,0.0,0,11.694293975830078,6.0,0.0343337059020996
1091,1091,Sui Resort Hotel,1,2026-07-01,26.0,1,15.565106391906738,26.0,0.1215238571166992
1094,1094,Side Sunport Hotel & Spa,1,2026-01-01,0.0,1,0.0,0.0,0.0
1094,1094,Side Sunport Hotel & Spa,1,2026-02-01,0.0,0,0.0,0.0,0.0
1094,1094,Side Sunport Hotel & Spa,1,2026-03-01,0.0,1,0.0,0.0,0.0
1094,1094,Side Sunport Hotel & Spa,1,2026-04-01,0.0,1,0.0,0.0,0.0
1094,1094,Side Sunport Hotel & Spa,1,2026-05-01,0.0,1,2.19284725189209,0.0,0.6017704010009766
1094,1094,Side Sunport Hotel & Spa,1,2026-06-01,0.0,0,21.348751068115234,0.0,1.7920494079589844
1094,1094,Side Sunport Hotel & Spa,1,2026-07-01,101.0,1,29.460216522216797,34.0,2.299711227416992
1143,1143,Hera Hotel Kaş,1,2026-01-01,0.0,1,0.04345512390136719,0.0,0.0
1143,1143,Hera Hotel Kaş,1,2026-02-01,0.0,0,0.0,0.0,0.0
1143,1143,Hera Hotel Kaş,1,2026-03-01,0.0,1,0.0580439567565918,0.0,0.0
1143,1143,Hera Hotel Kaş,1,2026-04-01,0.0,1,0.0,0.0,0.0
1143,1143,Hera Hotel Kaş,1,2026-05-01,5.0,1,1.8668460845947266,0.0,1.0639376640319824
1143,1143,Hera Hotel Kaş,1,2026-06-01,3.0,0,10.48663330078125,10.0,2.402733564376831
1143,1143,Hera Hotel Kaş,1,2026-07-01,12.0,1,13.523860931396484,19.0,2.8839690685272217
1171,1171,Megasaray Club Belek,0,2026-01-01,65.0,1,2.4824600219726562,99.0,3.2452354431152344
1171,1171,Megasaray Club Belek,0,2026-02-01,0.0,0,3.5386428833007812,3.0,2.641033172607422
1171,1171,Megasaray Club Belek,0,2026-03-01,74.0,1,6.698680877685547,41.0,0.0970191955566406
1171,1171,Megasaray Club Belek,0,2026-04-01,0.0,1,9.966876983642578,6.0,0.0
1171,1171,Megasaray Club Belek,0,2026-05-01,0.0,1,11.31103515625,11.0,1.360565185546875
1171,1171,Megasaray Club Belek,0,2026-06-01,0.0,0,59.18216323852539,15.0,35.79111862182617
1171,1171,Megasaray Club Belek,0,2026-07-01,0.0,1,123.61831665039062,145.0,59.70911407470703
1213,1213,Adin Resort Hotel,2,2026-01-01,0.0,1,2.98590087890625,0.0,0.0
1213,1213,Adin Resort Hotel,2,2026-02-01,0.0,0,2.7240095138549805,0.0,0.961139678955078
1213,1213,Adin Resort Hotel,2,2026-03-01,0.0,1,3.715984344482422,0.0,3.459773063659668
1213,1213,Adin Resort Hotel,2,2026-04-01,6.0,1,10.483518600463867,0.0,14.018190383911133
1213,1213,Adin Resort Hotel,2,2026-05-01,49.0,1,22.456802368164062,8.0,24.46095466613769
1213,1213,Adin Resort Hotel,2,2026-06-01,67.0,0,45.443115234375,62.0,37.08674621582031
1213,1213,Adin Resort Hotel,2,2026-07-01,68.0,1,56.494319915771484,61.0,42.50415802001953
1222,1222,Justiniano Club Alanya,1,2026-01-01,0.0,1,0.0,0.0,0.0
1222,1222,Justiniano Club Alanya,1,2026-02-01,0.0,0,0.0,0.0,0.0
1222,1222,Justiniano Club Alanya,1,2026-03-01,0.0,1,0.07216691970825195,0.0,0.0
1222,1222,Justiniano Club Alanya,1,2026-04-01,0.0,1,0.0,0.0,0.0
1222,1222,Justiniano Club Alanya,1,2026-05-01,11.0,1,2.4873600006103516,0.0,0.0
1222,1222,Justiniano Club Alanya,1,2026-06-01,7.0,0,14.044597625732422,22.0,0.0264902114868164
1222,1222,Justiniano Club Alanya,1,2026-07-01,34.0,1,18.550342559814453,6.0,0.1209135055541992
1266,1266,Swandor Hotels & Resort Topkapı Palace,2,2026-01-01,45.0,1,41.71952819824219,426.0,20.14204406738281
1266,1266,Swandor Hotels & Resort Topkapı Palace,2,2026-02-01,4.0,0,36.25141906738281,113.0,42.80592346191406
1266,1266,Swandor Hotels & Resort Topkapı Palace,2,2026-03-01,222.0,1,47.961212158203125,196.0,68.92393493652344
1266,1266,Swandor Hotels & Resort Topkapı Palace,2,2026-04-01,101.0,1,114.0295181274414,189.0,164.7506103515625
1266,1266,Swandor Hotels & Resort Topkapı Palace,2,2026-05-01,354.0,1,225.25039672851562,392.0,246.7222595214844
1266,1266,Swandor Hotels & Resort Topkapı Palace,2,2026-06-01,513.0,0,415.0083923339844,407.0,352.16290283203125
1266,1266,Swandor Hotels & Resort Topkapı Palace,2,2026-07-01,678.0,1,525.7805786132812,692.0,396.6802368164063
1372,1372,Royal Seginus Hotel,2,2026-01-01,32.0,1,10.82089614868164,20.0,2.2406082153320312
1372,1372,Royal Seginus Hotel,2,2026-02-01,2.0,0,9.989192962646484,2.0,7.815486907958984
1372,1372,Royal Seginus Hotel,2,2026-03-01,0.0,1,13.566341400146484,29.0,13.365825653076172
1372,1372,Royal Seginus Hotel,2,2026-04-01,10.0,1,33.31995391845703,34.0,40.94187545776367
1372,1372,Royal Seginus Hotel,2,2026-05-01,66.0,1,70.01780700683594,35.0,70.97013854980469
1372,1372,Royal Seginus Hotel,2,2026-06-01,52.0,0,141.11233520507812,141.0,113.64759826660156
1372,1372,Royal Seginus Hotel,2,2026-07-01,301.0,1,176.978515625,228.0,135.8457489013672
1392,1392,Sailors Beach Club Hotel,0,2026-01-01,0.0,1,0.0,0.0,0.1268692016601562
1392,1392,Sailors Beach Club Hotel,0,2026-02-01,0.0,0,0.1333179473876953,0.0,0.8112955093383789
1392,1392,Sailors Beach Club Hotel,0,2026-03-01,0.0,1,1.2530078887939453,0.0,1.4269838333129885
1392,1392,Sailors Beach Club Hotel,0,2026-04-01,6.0,1,2.96914005279541,5.0,0.9583253860473632
1392,1392,Sailors Beach Club Hotel,0,2026-05-01,26.0,1,3.744138717651367,7.0,5.181539535522461
1392,1392,Sailors Beach Club Hotel,0,2026-06-01,12.0,0,20.020593643188477,37.0,19.90463256835937
1392,1392,Sailors Beach Club Hotel,0,2026-07-01,31.0,1,41.912071228027344,55.0,29.096982955932617
1396,1396,Grand Şeker Hotel,0,2026-01-01,0.0,1,0.48830223083496094,0.0,0.8012027740478516
1396,1396,Grand Şeker Hotel,0,2026-02-01,0.0,0,0.4512443542480469,0.0,0.0
1396,1396,Grand Şeker Hotel,0,2026-03-01,0.0,1,2.55230712890625,0.0,5.234336853027344
1396,1396,Grand Şeker Hotel,0,2026-04-01,0.0,1,9.534191131591797,0.0,16.94222640991211
1396,1396,Grand Şeker Hotel,0,2026-05-01,0.0,1,20.474864959716797,0.0,42.97980117797852
1396,1396,Grand Şeker Hotel,0,2026-06-01,5.0,0,68.6182861328125,17.0,86.3507308959961
1396,1396,Grand Şeker Hotel,0,2026-07-01,84.0,1,118.70301055908203,63.0,100.12789154052734
1399,1399,Orange County Kemer ,2,2026-01-01,0.0,1,8.65927505493164,0.0,0.0
1399,1399,Orange County Kemer ,2,2026-02-01,0.0,0,5.126380920410156,0.0,0.0361862182617187
1399,1399,Orange County Kemer ,2,2026-03-01,0.0,1,6.18353271484375,23.0,1.975372314453125
1399,1399,Orange County Kemer ,2,2026-04-01,0.0,1,37.8836669921875,21.0,23.570575714111328
1399,1399,Orange County Kemer ,2,2026-05-01,245.0,1,65.93115234375,76.0,55.311012268066406
1399,1399,Orange County Kemer ,2,2026-06-01,316.0,0,146.5845489501953,120.0,107.08963012695312
1399,1399,Orange County Kemer ,2,2026-07-01,486.0,1,188.26031494140625,281.0,140.6536102294922
1400,1400,Orange County Alanya,0,2026-01-01,0.0,1,0.0,0.0,7.803741455078125
1400,1400,Orange County Alanya,0,2026-02-01,0.0,0,0.0,0.0,11.67889404296875
1400,1400,Orange County Alanya,0,2026-03-01,0.0,1,6.16314697265625,0.0,18.920623779296875
1400,1400,Orange County Alanya,0,2026-04-01,0.0,1,35.6756591796875,2.0,37.384910583496094
1400,1400,Orange County Alanya,0,2026-05-01,208.0,1,82.15719604492188,556.0,102.41607666015624
1400,1400,Orange County Alanya,0,2026-06-01,235.0,0,233.05902099609375,242.0,235.8500061035156
1400,1400,Orange County Alanya,0,2026-07-01,337.0,1,394.7100830078125,326.0,306.7669372558594
1405,1405,Adenya Resort Hotels & Spa,2,2026-01-01,0.0,1,2.432069778442383,0.0,0.7723827362060547
1405,1405,Adenya Resort Hotels & Spa,2,2026-02-01,0.0,0,2.578754425048828,0.0,1.9399175643920896
1405,1405,Adenya Resort Hotels & Spa,2,2026-03-01,0.0,1,2.878652572631836,0.0,3.367494583129883
1405,1405,Adenya Resort Hotels & Spa,2,2026-04-01,0.0,1,7.810062408447266,0.0,8.854941368103027
1405,1405,Adenya Resort Hotels & Spa,2,2026-05-01,16.0,1,13.97329044342041,20.0,13.93102741241455
1405,1405,Adenya Resort Hotels & Spa,2,2026-06-01,6.0,0,29.68985366821289,17.0,20.897029876708984
1405,1405,Adenya Resort Hotels & Spa,2,2026-07-01,19.0,1,38.05794143676758,18.0,24.262325286865234
1626,1626,Kimera Lounge Hotel,0,2026-01-01,10.0,1,5.145925998687744,1.0,5.146596908569336
1626,1626,Kimera Lounge Hotel,0,2026-02-01,0.0,0,5.203615188598633,0.0,4.45551347732544
1626,1626,Kimera Lounge Hotel,0,2026-03-01,3.0,1,6.051754474639893,0.0,4.701052665710449
1626,1626,Kimera Lounge Hotel,0,2026-04-01,0.0,1,7.42820405960083,2.0,4.726597309112549
1626,1626,Kimera Lounge Hotel,0,2026-05-01,0.0,1,9.020101547241211,0.0,10.124771118164062
1626,1626,Kimera Lounge Hotel,0,2026-06-01,11.0,0,22.937820434570312,21.0,25.42961883544922
1626,1626,Kimera Lounge Hotel,0,2026-07-01,24.0,1,39.195068359375,31.0,33.91773223876953
1679,1679,Blanca Beach Hotel,2,2026-01-01,0.0,1,0.9252834320068359,0.0,0.0
1679,1679,Blanca Beach Hotel,2,2026-02-01,0.0,0,1.056912899017334,0.0,0.0
1679,1679,Blanca Beach Hotel,2,2026-03-01,0.0,1,1.0484281778335571,0.0,0.0
1679,1679,Blanca Beach Hotel,2,2026-04-01,0.0,1,2.4636006355285645,0.0,1.8929039239883425
1679,1679,Blanca Beach Hotel,2,2026-05-01,5.0,1,5.1159186363220215,6.0,5.350577354431152
1679,1679,Blanca Beach Hotel,2,2026-06-01,4.0,0,11.4615478515625,13.0,9.381484985351562
1679,1679,Blanca Beach Hotel,2,2026-07-01,33.0,1,14.640061378479004,6.0,11.387502670288086
1814,1814,Side Aluna Hotel,1,2026-01-01,0.0,1,0.0,0.0,0.0
1814,1814,Side Aluna Hotel,1,2026-02-01,0.0,0,0.0,0.0,0.0
1814,1814,Side Aluna Hotel,1,2026-03-01,0.0,1,0.0,0.0,0.0
1814,1814,Side Aluna Hotel,1,2026-04-01,23.0,1,0.0,0.0,0.0
1814,1814,Side Aluna Hotel,1,2026-05-01,99.0,1,27.71562385559082,17.0,3.3497085571289062
1814,1814,Side Aluna Hotel,1,2026-06-01,110.0,0,148.20281982421875,296.0,16.459409713745117
1814,1814,Side Aluna Hotel,1,2026-07-01,553.0,1,198.4055633544922,571.0,20.172706604003903
1855,1855,Hedef Resort & Spa,0,2026-01-01,0.0,1,0.56951904296875,0.0,0.0
1855,1855,Hedef Resort & Spa,0,2026-02-01,0.0,0,1.0572700500488281,0.0,0.0
1855,1855,Hedef Resort & Spa,0,2026-03-01,0.0,1,4.892585754394531,0.0,0.0
1855,1855,Hedef Resort & Spa,0,2026-04-01,0.0,1,19.065616607666016,0.0,9.32021713256836
1855,1855,Hedef Resort & Spa,0,2026-05-01,0.0,1,40.920257568359375,0.0,36.308895111083984
1855,1855,Hedef Resort & Spa,0,2026-06-01,4.0,0,125.26902770996094,17.0,75.46417999267578
1855,1855,Hedef Resort & Spa,0,2026-07-01,72.0,1,212.42898559570312,28.0,87.31230163574219
1877,1877,Haydarpasha Palace,0,2026-01-01,0.0,1,0.0,0.0,2.589824676513672
1877,1877,Haydarpasha Palace,0,2026-02-01,0.0,0,0.0,0.0,3.300756454467773
1877,1877,Haydarpasha Palace,0,2026-03-01,107.0,1,2.2281017303466797,30.0,4.606771469116211
1877,1877,Haydarpasha Palace,0,2026-04-01,9.0,1,6.212808609008789,11.0,4.024379730224609
1877,1877,Haydarpasha Palace,0,2026-05-01,51.0,1,7.098209381103516,9.0,8.297752380371094
1877,1877,Haydarpasha Palace,0,2026-06-01,67.0,0,41.04331970214844,44.0,38.46977233886719
1877,1877,Haydarpasha Palace,0,2026-07-01,216.0,1,87.29324340820312,114.0,59.021121978759766
1878,1878,Villa Side Residence,1,2026-01-01,0.0,1,1.800889015197754,0.0,2.859637260437012
1878,1878,Villa Side Residence,1,2026-02-01,0.0,0,2.533017158508301,0.0,2.782170295715332
1878,1878,Villa Side Residence,1,2026-03-01,3.0,1,2.786177635192871,7.0,2.8034939765930176
1878,1878,Villa Side Residence,1,2026-04-01,1.0,1,1.7717342376708984,0.0,2.2998123168945312
1878,1878,Villa Side Residence,1,2026-05-01,18.0,1,7.67255163192749,0.0,5.11161470413208
1878,1878,Villa Side Residence,1,2026-06-01,21.0,0,26.685386657714844,31.0,8.658759117126465
1878,1878,Villa Side Residence,1,2026-07-01,84.0,1,34.676727294921875,116.0,9.539390563964844
1979,1979,Bera Alanya Otel,0,2026-01-01,0.0,1,0.0,0.0,1.6840057373046875
1979,1979,Bera Alanya Otel,0,2026-02-01,0.0,0,0.0,0.0,0.7545948028564453
1979,1979,Bera Alanya Otel,0,2026-03-01,0.0,1,0.9961814880371094,0.0,2.354846954345703
1979,1979,Bera Alanya Otel,0,2026-04-01,0.0,1,5.48689079284668,0.0,6.412664413452148
1979,1979,Bera Alanya Otel,0,2026-05-01,33.0,1,12.688189506530762,2.0,26.036596298217773
1979,1979,Bera Alanya Otel,0,2026-06-01,58.0,0,44.64169692993164,89.0,66.33782196044922
1979,1979,Bera Alanya Otel,0,2026-07-01,146.0,1,79.14619445800781,80.0,85.19918823242188
3015,3015,Crystal Boutique Comfort Collection ,0,2026-01-01,0.0,1,0.0,0.0,0.0
3015,3015,Crystal Boutique Comfort Collection ,0,2026-02-01,0.0,0,0.0051403045654296875,0.0,0.0
3015,3015,Crystal Boutique Comfort Collection ,0,2026-03-01,0.0,1,0.5271682739257812,0.0,0.0
3015,3015,Crystal Boutique Comfort Collection ,0,2026-04-01,0.0,1,4.697455406188965,0.0,0.7763862609863281
3015,3015,Crystal Boutique Comfort Collection ,0,2026-05-01,12.0,1,10.932411193847656,21.0,8.943876266479492
3015,3015,Crystal Boutique Comfort Collection ,0,2026-06-01,0.0,0,33.206302642822266,31.0,24.01511573791504
3015,3015,Crystal Boutique Comfort Collection ,0,2026-07-01,21.0,1,56.063011169433594,32.0,30.77429580688477
3102,3102,Sidera Kirman Premium,0,2026-01-01,0.0,1,0.0,0.0,3.535400390625
3102,3102,Sidera Kirman Premium,0,2026-02-01,0.0,0,0.0,0.0,3.5333786010742188
3102,3102,Sidera Kirman Premium,0,2026-03-01,0.0,1,5.9492034912109375,0.0,5.3012237548828125
3102,3102,Sidera Kirman Premium,0,2026-04-01,5.0,1,18.11795425415039,16.0,2.7379913330078125
3102,3102,Sidera Kirman Premium,0,2026-05-01,158.0,1,31.506195068359375,39.0,39.15861511230469
3102,3102,Sidera Kirman Premium,0,2026-06-01,158.0,0,140.2738037109375,270.0,169.05984497070312
3102,3102,Sidera Kirman Premium,0,2026-07-01,543.0,1,269.77178955078125,433.0,248.0552215576172
3103,3103,Arycanda Kirman Premium,0,2026-01-01,0.0,1,0.10727691650390625,0.0,2.732940673828125
3103,3103,Arycanda Kirman Premium,0,2026-02-01,0.0,0,0.0,0.0,3.695556640625
3103,3103,Arycanda Kirman Premium,0,2026-03-01,0.0,1,6.1956787109375,0.0,6.654914855957031
3103,3103,Arycanda Kirman Premium,0,2026-04-01,0.0,1,18.638172149658203,31.0,2.2251968383789062
3103,3103,Arycanda Kirman Premium,0,2026-05-01,49.0,1,28.481632232666016,27.0,24.44102478027344
3103,3103,Arycanda Kirman Premium,0,2026-06-01,209.0,0,129.19525146484375,282.0,139.22833251953125
3103,3103,Arycanda Kirman Premium,0,2026-07-01,433.0,1,251.62774658203125,445.0,215.4139709472656
3104,3104,Sidemarin Kirman Premium,0,2026-01-01,0.0,1,0.290679931640625,0.0,1.4918441772460938
3104,3104,Sidemarin Kirman Premium,0,2026-02-01,0.0,0,0.14556884765625,0.0,0.0
3104,3104,Sidemarin Kirman Premium,0,2026-03-01,0.0,1,11.978607177734375,0.0,0.0
3104,3104,Sidemarin Kirman Premium,0,2026-04-01,28.0,1,27.52159881591797,34.0,0.0
3104,3104,Sidemarin Kirman Premium,0,2026-05-01,158.0,1,45.821624755859375,114.0,33.02593231201172
3104,3104,Sidemarin Kirman Premium,0,2026-06-01,277.0,0,212.80792236328125,551.0,212.9195251464844
3104,3104,Sidemarin Kirman Premium,0,2026-07-01,723.0,1,409.2770690917969,646.0,325.5207824707031
3106,3106,Leodikya Kirman Premium,0,2026-01-01,0.0,1,0.5591545104980469,0.0,0.0
3106,3106,Leodikya Kirman Premium,0,2026-02-01,0.0,0,1.0143852233886719,0.0,0.0
3106,3106,Leodikya Kirman Premium,0,2026-03-01,0.0,1,5.180305480957031,0.0,0.8333625793457031
3106,3106,Leodikya Kirman Premium,0,2026-04-01,12.0,1,11.984588623046875,35.0,0.0
3106,3106,Leodikya Kirman Premium,0,2026-05-01,62.0,1,16.791946411132812,15.0,12.531875610351562
3106,3106,Leodikya Kirman Premium,0,2026-06-01,75.0,0,80.37196350097656,164.0,79.28318786621094
3106,3106,Leodikya Kirman Premium,0,2026-07-01,214.0,1,158.90707397460938,242.0,122.03143310546876
3213,3213,Club Marco Polo,0,2026-01-01,0.0,1,0.0,0.0,3.5884780883789062
3213,3213,Club Marco Polo,0,2026-02-01,0.0,0,0.0,0.0,0.9406356811523438
3213,3213,Club Marco Polo,0,2026-03-01,0.0,1,4.468360900878906,0.0,3.638504028320313
3213,3213,Club Marco Polo,0,2026-04-01,0.0,1,13.600570678710938,0.0,6.901439666748047
3213,3213,Club Marco Polo,0,2026-05-01,103.0,1,23.553165435791016,43.0,43.53025817871094
3213,3213,Club Marco Polo,0,2026-06-01,118.0,0,111.65663146972656,170.0,153.43093872070312
3213,3213,Club Marco Polo,0,2026-07-01,340.0,1,217.67807006835938,297.0,215.8726501464844
9552,9552,Orange County Belek,2,2026-01-01,60.0,1,13.226615905761719,0.0,3.348388671875
9552,9552,Orange County Belek,2,2026-02-01,14.0,0,10.393585205078125,0.0,6.6456146240234375
9552,9552,Orange County Belek,2,2026-03-01,92.0,1,10.697826385498047,20.0,10.554298400878906
9552,9552,Orange County Belek,2,2026-04-01,95.0,1,36.10761260986328,50.0,34.17177963256836
9552,9552,Orange County Belek,2,2026-05-01,252.0,1,68.03753662109375,117.0,68.54257202148438
9552,9552,Orange County Belek,2,2026-06-01,170.0,0,143.6962127685547,144.0,118.46460723876952
9552,9552,Orange County Belek,2,2026-07-01,266.0,1,182.98252868652344,189.0,147.18377685546875
9621,9621,Kirman Belazur Resort & Spa,0,2026-01-01,0.0,1,0.0,0.0,0.0
9621,9621,Kirman Belazur Resort & Spa,0,2026-02-01,0.0,0,0.09010696411132812,0.0,0.0
9621,9621,Kirman Belazur Resort & Spa,0,2026-03-01,0.0,1,3.2209930419921875,0.0,0.780975341796875
9621,9621,Kirman Belazur Resort & Spa,0,2026-04-01,15.0,1,8.82928466796875,24.0,0.0
9621,9621,Kirman Belazur Resort & Spa,0,2026-05-01,79.0,1,13.063728332519531,25.0,9.012290954589844
9621,9621,Kirman Belazur Resort & Spa,0,2026-06-01,41.0,0,60.76628875732422,172.0,51.49993133544922
9621,9621,Kirman Belazur Resort & Spa,0,2026-07-01,233.0,1,121.67988586425781,108.0,81.07882690429688
9933,9933,Paloma Finesse,0,2026-01-01,0.0,1,0.06653213500976562,0.0,0.0
9933,9933,Paloma Finesse,0,2026-02-01,0.0,0,0.422576904296875,0.0,1.6962852478027344
9933,9933,Paloma Finesse,0,2026-03-01,0.0,1,3.4919509887695312,23.0,2.5463218688964844
9933,9933,Paloma Finesse,0,2026-04-01,11.0,1,9.292583465576172,31.0,0.0
9933,9933,Paloma Finesse,0,2026-05-01,97.0,1,13.981681823730469,55.0,8.07172966003418
9933,9933,Paloma Finesse,0,2026-06-01,87.0,0,62.742347717285156,156.0,54.89852142333984
9933,9933,Paloma Finesse,0,2026-07-01,213.0,1,121.93387603759766,178.0,86.3323974609375
10168,10168,Pine Beach Belek,2,2026-01-01,4.0,1,8.568445205688477,4.0,0.9674091339111328
10168,10168,Pine Beach Belek,2,2026-02-01,0.0,0,9.073326110839844,0.0,5.089933395385742
10168,10168,Pine Beach Belek,2,2026-03-01,2.0,1,9.721254348754883,15.0,9.714832305908203
10168,10168,Pine Beach Belek,2,2026-04-01,3.0,1,21.564970016479492,37.0,29.137582778930664
10168,10168,Pine Beach Belek,2,2026-05-01,86.0,1,40.912506103515625,7.0,48.37802505493164
10168,10168,Pine Beach Belek,2,2026-06-01,62.0,0,78.93067932128906,93.0,71.48302459716797
10168,10168,Pine Beach Belek,2,2026-07-01,275.0,1,97.62181091308594,109.0,80.6415786743164
10314,10314,Club Boran Mare Beach,0,2026-01-01,0.0,1,0.0,0.0,1.6700763702392578
10314,10314,Club Boran Mare Beach,0,2026-02-01,0.0,0,0.0,0.0,3.194772720336914
10314,10314,Club Boran Mare Beach,0,2026-03-01,0.0,1,3.032245635986328,0.0,4.57646369934082
10314,10314,Club Boran Mare Beach,0,2026-04-01,0.0,1,9.551496505737305,0.0,1.3224239349365234
10314,10314,Club Boran Mare Beach,0,2026-05-01,60.0,1,14.66838264465332,15.0,2.459268569946289
10314,10314,Club Boran Mare Beach,0,2026-06-01,105.0,0,69.05409240722656,145.0,39.44745635986328
10314,10314,Club Boran Mare Beach,0,2026-07-01,152.0,1,138.74224853515625,155.0,69.68019104003906
10322,10322,Aska Lara Resort & Spa,0,2026-01-01,0.0,1,0.0,6.0,1.620098114013672
10322,10322,Aska Lara Resort & Spa,0,2026-02-01,0.0,0,0.0,3.0,1.665863037109375
10322,10322,Aska Lara Resort & Spa,0,2026-03-01,19.0,1,1.1699190139770508,18.0,2.178391456604004
10322,10322,Aska Lara Resort & Spa,0,2026-04-01,0.0,1,3.4463682174682617,1.0,2.998353958129883
10322,10322,Aska Lara Resort & Spa,0,2026-05-01,49.0,1,7.0394086837768555,11.0,10.819822311401367
10322,10322,Aska Lara Resort & Spa,0,2026-06-01,71.0,0,28.017108917236328,49.0,30.04684066772461
10322,10322,Aska Lara Resort & Spa,0,2026-07-01,137.0,1,52.044944763183594,38.0,40.34882736206055
10545,10545,DoubleTree by Hilton Antalya City Centre,2,2026-01-01,0.0,1,1.6438851356506348,37.0,2.956362724304199
10545,10545,DoubleTree by Hilton Antalya City Centre,2,2026-02-01,0.0,0,1.7630157470703125,32.0,3.94993257522583
10545,10545,DoubleTree by Hilton Antalya City Centre,2,2026-03-01,2.0,1,2.8458786010742188,20.0,4.701050281524658
10545,10545,DoubleTree by Hilton Antalya City Centre,2,2026-04-01,16.0,1,6.706075668334961,18.0,3.237306594848633
10545,10545,DoubleTree by Hilton Antalya City Centre,2,2026-05-01,7.0,1,10.744843482971191,8.0,0.7883048057556152
10545,10545,DoubleTree by Hilton Antalya City Centre,2,2026-06-01,2.0,0,21.172937393188477,5.0,0.0
10545,10545,DoubleTree by Hilton Antalya City Centre,2,2026-07-01,6.0,1,26.502063751220703,6.0,0.0
12081,12081,Lara Hotel  +12 Adult Only,2,2026-01-01,1.0,1,4.734496116638184,2.0,2.18240737915039
12081,12081,Lara Hotel  +12 Adult Only,2,2026-02-01,3.0,0,4.936794281005859,4.0,1.846462607383728
12081,12081,Lara Hotel  +12 Adult Only,2,2026-03-01,5.0,1,5.03962516784668,0.0,1.3826204538345337
12081,12081,Lara Hotel  +12 Adult Only,2,2026-04-01,1.0,1,6.392490386962891,2.0,2.895905017852783
12081,12081,Lara Hotel  +12 Adult Only,2,2026-05-01,8.0,1,8.667341232299805,7.0,5.63189172744751
12081,12081,Lara Hotel  +12 Adult Only,2,2026-06-01,0.0,0,13.569786071777344,4.0,8.69408893585205
12081,12081,Lara Hotel  +12 Adult Only,2,2026-07-01,11.0,1,15.836588859558105,24.0,10.199257850646973
12552,12552,Pirates Beach Club,0,2026-01-01,0.0,1,0.0,0.0,0.0
12552,12552,Pirates Beach Club,0,2026-02-01,0.0,0,2.4150314331054688,0.0,1.7805099487304688
12552,12552,Pirates Beach Club,0,2026-03-01,0.0,1,8.497489929199219,0.0,2.037788391113281
12552,12552,Pirates Beach Club,0,2026-04-01,25.0,1,20.610145568847656,26.0,1.4544677734375
12552,12552,Pirates Beach Club,0,2026-05-01,190.0,1,25.76812744140625,29.0,21.692672729492188
12552,12552,Pirates Beach Club,0,2026-06-01,0.0,0,117.67205810546875,83.0,74.54598999023438
12552,12552,Pirates Beach Club,0,2026-07-01,50.0,1,244.609130859375,167.0,107.17303466796876
167762,167762,Calyptus Kirman Premium,0,2026-01-01,0.0,1,0.0,0.0,1.2531890869140625
167762,167762,Calyptus Kirman Premium,0,2026-02-01,0.0,0,0.0,0.0,4.666465759277344
167762,167762,Calyptus Kirman Premium,0,2026-03-01,0.0,1,4.625892639160156,0.0,6.3676300048828125
167762,167762,Calyptus Kirman Premium,0,2026-04-01,17.0,1,16.834304809570312,49.0,2.704658508300781
167762,167762,Calyptus Kirman Premium,0,2026-05-01,94.0,1,26.104084014892578,39.0,32.75429916381836
167762,167762,Calyptus Kirman Premium,0,2026-06-01,99.0,0,117.95337677001953,297.0,138.1278533935547
167762,167762,Calyptus Kirman Premium,0,2026-07-01,460.0,1,232.5000762939453,407.0,200.4775238037109
167763,167763,Melas Lara Hotel,1,2026-01-01,0.0,1,0.3034629821777344,0.0,0.0
167763,167763,Melas Lara Hotel,1,2026-02-01,0.0,0,0.7623186111450195,0.0,0.0
167763,167763,Melas Lara Hotel,1,2026-03-01,8.0,1,0.9234356880187988,0.0,0.0019035339355468
167763,167763,Melas Lara Hotel,1,2026-04-01,4.0,1,0.0,0.0,0.014719009399414
167763,167763,Melas Lara Hotel,1,2026-05-01,78.0,1,2.865795135498047,4.0,0.0383920669555664
167763,167763,Melas Lara Hotel,1,2026-06-01,24.0,0,15.738515853881836,11.0,0.0441999435424804
167763,167763,Melas Lara Hotel,1,2026-07-01,133.0,1,20.806415557861328,3.0,0.1852960586547851
167831,167831,Innvista Hotels Belek ,0,2026-01-01,0.0,1,0.3878021240234375,6.0,2.801849365234375
167831,167831,Innvista Hotels Belek ,0,2026-02-01,0.0,0,0.0,8.0,2.583564758300781
167831,167831,Innvista Hotels Belek ,0,2026-03-01,6.0,1,6.608367919921875,24.0,2.2624053955078125
167831,167831,Innvista Hotels Belek ,0,2026-04-01,3.0,1,16.987289428710938,37.0,0.0
167831,167831,Innvista Hotels Belek ,0,2026-05-01,87.0,1,27.61711883544922,27.0,30.214324951171875
167831,167831,Innvista Hotels Belek ,0,2026-06-01,49.0,0,136.50701904296875,380.0,158.01425170898438
167831,167831,Innvista Hotels Belek ,0,2026-07-01,142.0,1,266.05804443359375,482.0,233.63641357421875
167846,167846,Marvida Family Eco (Ex.Otium Family Eco Club),0,2026-01-01,0.0,1,1.309906005859375,0.0,3.1522216796875
167846,167846,Marvida Family Eco (Ex.Otium Family Eco Club),0,2026-02-01,0.0,0,0.1580810546875,0.0,2.1856842041015625
167846,167846,Marvida Family Eco (Ex.Otium Family Eco Club),0,2026-03-01,17.0,1,6.44598388671875,57.0,4.628578186035156
167846,167846,Marvida Family Eco (Ex.Otium Family Eco Club),0,2026-04-01,13.0,1,15.855968475341797,44.0,4.1258697509765625
167846,167846,Marvida Family Eco (Ex.Otium Family Eco Club),0,2026-05-01,153.0,1,24.05152130126953,49.0,28.474369049072266
167846,167846,Marvida Family Eco (Ex.Otium Family Eco Club),0,2026-06-01,82.0,0,117.55309295654297,63.0,129.9110870361328
167846,167846,Marvida Family Eco (Ex.Otium Family Eco Club),0,2026-07-01,271.0,1,233.54098510742188,349.0,194.12530517578125
167847,167847,Seven Seas Hotel Life,0,2026-01-01,0.0,1,0.0,0.0,3.662559509277344
167847,167847,Seven Seas Hotel Life,0,2026-02-01,0.0,0,0.0,0.0,4.647239685058594
167847,167847,Seven Seas Hotel Life,0,2026-03-01,15.0,1,4.0488433837890625,11.0,6.298225402832031
167847,167847,Seven Seas Hotel Life,0,2026-04-01,15.0,1,12.749153137207031,17.0,7.357429504394531
167847,167847,Seven Seas Hotel Life,0,2026-05-01,149.0,1,23.150733947753906,48.0,41.03776168823242
167847,167847,Seven Seas Hotel Life,0,2026-06-01,66.0,0,100.41181945800781,186.0,124.89083099365234
167847,167847,Seven Seas Hotel Life,0,2026-07-01,518.0,1,195.8531036376953,218.0,169.35691833496094
167956,167956,Melas Resort Hotel,1,2026-01-01,9.0,1,0.0,0.0,0.0
167956,167956,Melas Resort Hotel,1,2026-02-01,4.0,0,0.266481876373291,3.0,0.0
167956,167956,Melas Resort Hotel,1,2026-03-01,2.0,1,0.1901392936706543,0.0,0.0
167956,167956,Melas Resort Hotel,1,2026-04-01,0.0,1,0.0,0.0,0.0
167956,167956,Melas Resort Hotel,1,2026-05-01,4.0,1,2.0532853603363037,0.0,2.0394206047058105
167956,167956,Melas Resort Hotel,1,2026-06-01,0.0,0,10.192127227783203,16.0,4.4200286865234375
167956,167956,Melas Resort Hotel,1,2026-07-01,16.0,1,13.622814178466797,24.0,4.932905673980713
168007,168007,Green Garden Resort & Spa Hotel,0,2026-01-01,0.0,1,0.044399261474609375,0.0,0.0
168007,168007,Green Garden Resort & Spa Hotel,0,2026-02-01,0.0,0,0.16282224655151367,0.0,0.0
168007,168007,Green Garden Resort & Spa Hotel,0,2026-03-01,0.0,1,0.5268888473510742,0.0,0.0
168007,168007,Green Garden Resort & Spa Hotel,0,2026-04-01,13.0,1,2.6292476654052734,0.0,0.6360430717468262
168007,168007,Green Garden Resort & Spa Hotel,0,2026-05-01,59.0,1,6.001828670501709,0.0,6.802582740783691
168007,168007,Green Garden Resort & Spa Hotel,0,2026-06-01,106.0,0,19.3736515045166,10.0,16.753726959228516
168007,168007,Green Garden Resort & Spa Hotel,0,2026-07-01,320.0,1,32.834754943847656,10.0,19.70693588256836
168296,168296,Yalıhan Una Hotel,1,2026-01-01,0.0,1,0.0,0.0,0.0
168296,168296,Yalıhan Una Hotel,1,2026-02-01,0.0,0,0.0,0.0,0.0
168296,168296,Yalıhan Una Hotel,1,2026-03-01,0.0,1,0.0,13.0,0.0
168296,168296,Yalıhan Una Hotel,1,2026-04-01,7.0,1,0.0,8.0,0.0
168296,168296,Yalıhan Una Hotel,1,2026-05-01,19.0,1,5.051542282104492,12.0,0.8608198165893555
168296,168296,Yalıhan Una Hotel,1,2026-06-01,2.0,0,30.70602035522461,25.0,3.457324981689453
168296,168296,Yalıhan Una Hotel,1,2026-07-01,50.0,1,42.125999450683594,143.0,4.183216094970703
168639,168639,Rubi Platinum Spa Resort & Suites,0,2026-01-01,0.0,1,3.623870849609375,0.0,3.5655517578125
168639,168639,Rubi Platinum Spa Resort & Suites,0,2026-02-01,0.0,0,3.911590576171875,0.0,0.0
168639,168639,Rubi Platinum Spa Resort & Suites,0,2026-03-01,2.0,1,28.009429931640625,47.0,0.0
168639,168639,Rubi Platinum Spa Resort & Suites,0,2026-04-01,8.0,1,57.8974609375,38.0,0.0
168639,168639,Rubi Platinum Spa Resort & Suites,0,2026-05-01,218.0,1,82.40184020996094,48.0,118.83869934082033
168639,168639,Rubi Platinum Spa Resort & Suites,0,2026-06-01,122.0,0,427.924560546875,489.0,534.4429931640625
168639,168639,Rubi Platinum Spa Resort & Suites,0,2026-07-01,649.0,1,858.2926025390625,1277.0,783.4293212890625
168642,168642,Rubi Platinum Sign,0,2026-01-01,0.0,1,0.3466529846191406,0.0,0.0
168642,168642,Rubi Platinum Sign,0,2026-02-01,0.0,0,0.8505783081054688,0.0,0.0
168642,168642,Rubi Platinum Sign,0,2026-03-01,0.0,1,4.948677062988281,0.0,0.0
168642,168642,Rubi Platinum Sign,0,2026-04-01,3.0,1,11.54092025756836,0.0,0.0
168642,168642,Rubi Platinum Sign,0,2026-05-01,114.0,1,16.16387367248535,14.0,6.930301666259766
168642,168642,Rubi Platinum Sign,0,2026-06-01,68.0,0,77.65870666503906,109.0,67.5066909790039
168642,168642,Rubi Platinum Sign,0,2026-07-01,240.0,1,154.92919921875,143.0,108.84800720214844
168644,168644,Rubi Hotel,0,2026-01-01,0.0,1,0.0,0.0,4.5731201171875
168644,168644,Rubi Hotel,0,2026-02-01,0.0,0,0.0,0.0,0.41339111328125
168644,168644,Rubi Hotel,0,2026-03-01,0.0,1,13.403976440429688,0.0,4.933273315429688
168644,168644,Rubi Hotel,0,2026-04-01,0.0,1,51.936920166015625,0.0,18.91841125488281
168644,168644,Rubi Hotel,0,2026-05-01,213.0,1,98.33824920654297,11.0,98.06341552734376
168644,168644,Rubi Hotel,0,2026-06-01,131.0,0,380.50042724609375,209.0,321.4569702148437
168644,168644,Rubi Hotel,0,2026-07-01,490.0,1,711.3946533203125,280.0,453.2288818359375
168955,168955,Alder Garden Hotel,0,2026-01-01,0.0,1,0.0,0.0,0.4322786331176758
168955,168955,Alder Garden Hotel,0,2026-02-01,0.0,0,0.0,0.0,0.1275873184204101
168955,168955,Alder Garden Hotel,0,2026-03-01,0.0,1,0.988804817199707,0.0,0.4120750427246094
168955,168955,Alder Garden Hotel,0,2026-04-01,0.0,1,3.7796993255615234,3.0,0.3531169891357422
168955,168955,Alder Garden Hotel,0,2026-05-01,3.0,1,5.864415168762207,7.0,0.0399084091186523
168955,168955,Alder Garden Hotel,0,2026-06-01,7.0,0,24.995819091796875,10.0,5.949956893920898
168955,168955,Alder Garden Hotel,0,2026-07-01,99.0,1,49.61869430541992,6.0,11.850137710571287
169022,169022,Kaşköy Hotel,0,2026-01-01,0.0,1,0.11713886260986328,0.0,0.0
169022,169022,Kaşköy Hotel,0,2026-02-01,0.0,0,0.1206827163696289,0.0,0.0
169022,169022,Kaşköy Hotel,0,2026-03-01,0.0,1,0.6445059776306152,0.0,0.0
169022,169022,Kaşköy Hotel,0,2026-04-01,0.0,1,1.8511109352111816,0.0,0.0
169022,169022,Kaşköy Hotel,0,2026-05-01,15.0,1,3.3098716735839844,1.0,3.8950021266937256
169022,169022,Kaşköy Hotel,0,2026-06-01,14.0,0,11.712642669677734,16.0,12.742349624633787
169022,169022,Kaşköy Hotel,0,2026-07-01,6.0,1,21.140241622924805,3.0,17.174039840698242
180283,180283,Blue Star Hotel,0,2026-01-01,0.0,1,0.0,0.0,0.0
180283,180283,Blue Star Hotel,0,2026-02-01,0.0,0,0.0,0.0,0.0
180283,180283,Blue Star Hotel,0,2026-03-01,0.0,1,0.5090785026550293,0.0,0.0
180283,180283,Blue Star Hotel,0,2026-04-01,0.0,1,1.6283273696899414,0.0,0.2794442176818847
180283,180283,Blue Star Hotel,0,2026-05-01,7.0,1,2.4262564182281494,0.0,0.0
180283,180283,Blue Star Hotel,0,2026-06-01,27.0,0,10.17482852935791,3.0,2.456461906433105
180283,180283,Blue Star Hotel,0,2026-07-01,27.0,1,20.536888122558594,0.0,5.435548782348633
180406,180406,AQI Pegasos World,0,2026-01-01,0.0,1,0.0,0.0,0.935211181640625
180406,180406,AQI Pegasos World,0,2026-02-01,0.0,0,0.0,0.0,0.6405830383300781
180406,180406,AQI Pegasos World,0,2026-03-01,0.0,1,1.0420665740966797,0.0,0.6086997985839844
180406,180406,AQI Pegasos World,0,2026-04-01,2.0,1,4.205404281616211,0.0,0.0
180406,180406,AQI Pegasos World,0,2026-05-01,69.0,1,7.519528388977051,17.0,10.61760711669922
180406,180406,AQI Pegasos World,0,2026-06-01,25.0,0,34.57417678833008,77.0,41.7432861328125
180406,180406,AQI Pegasos World,0,2026-07-01,39.0,1,65.66252136230469,86.0,57.86785507202149
180462,180462,Riolavitas Resort & Spa Hotel,0,2026-01-01,0.0,1,0.027357101440429688,0.0,1.3945932388305664
180462,180462,Riolavitas Resort & Spa Hotel,0,2026-02-01,0.0,0,0.3269023895263672,0.0,2.15692138671875
180462,180462,Riolavitas Resort & Spa Hotel,0,2026-03-01,0.0,1,1.7566308975219727,6.0,2.746580123901367
180462,180462,Riolavitas Resort & Spa Hotel,0,2026-04-01,5.0,1,3.9688825607299805,16.0,2.1893138885498047
180462,180462,Riolavitas Resort & Spa Hotel,0,2026-05-01,62.0,1,4.767498970031738,4.0,7.442036628723144
180462,180462,Riolavitas Resort & Spa Hotel,0,2026-06-01,28.0,0,25.89118766784668,27.0,27.68680191040039
180462,180462,Riolavitas Resort & Spa Hotel,0,2026-07-01,58.0,1,53.56427001953125,74.0,39.83483123779297
180472,180472,Megasaray Westbeach Antalya,2,2026-01-01,4.0,1,2.978671073913574,22.0,1.1513090133666992
180472,180472,Megasaray Westbeach Antalya,2,2026-02-01,1.0,0,2.714308738708496,15.0,1.573359489440918
180472,180472,Megasaray Westbeach Antalya,2,2026-03-01,47.0,1,3.593703269958496,25.0,1.982386589050293
180472,180472,Megasaray Westbeach Antalya,2,2026-04-01,16.0,1,8.177095413208008,23.0,4.368642330169678
180472,180472,Megasaray Westbeach Antalya,2,2026-05-01,23.0,1,15.597453117370605,13.0,7.236280918121338
180472,180472,Megasaray Westbeach Antalya,2,2026-06-01,4.0,0,30.63231086730957,34.0,10.3243408203125
180472,180472,Megasaray Westbeach Antalya,2,2026-07-01,8.0,1,37.743141174316406,17.0,12.107832908630373
180594,180594,Club Kastalia Holiday Village,0,2026-01-01,0.0,1,0.0,0.0,0.6420373916625977
180594,180594,Club Kastalia Holiday Village,0,2026-02-01,0.0,0,0.3916587829589844,0.0,0.8650226593017578
180594,180594,Club Kastalia Holiday Village,0,2026-03-01,0.0,1,1.968343734741211,0.0,0.0034856796264648
180594,180594,Club Kastalia Holiday Village,0,2026-04-01,3.0,1,4.946175575256348,0.0,0.0
180594,180594,Club Kastalia Holiday Village,0,2026-05-01,13.0,1,6.291553497314453,2.0,0.0
180594,180594,Club Kastalia Holiday Village,0,2026-06-01,7.0,0,34.12496566772461,12.0,10.897124290466309
180594,180594,Club Kastalia Holiday Village,0,2026-07-01,60.0,1,70.4345703125,30.0,19.95262336730957
181147,181147,Belek Beach Resort Hotel,0,2026-01-01,0.0,1,2.751220703125,3.0,0.0
181147,181147,Belek Beach Resort Hotel,0,2026-02-01,0.0,0,2.383514404296875,0.0,3.860641479492188
181147,181147,Belek Beach Resort Hotel,0,2026-03-01,0.0,1,17.063629150390625,118.0,9.2041015625
181147,181147,Belek Beach Resort Hotel,0,2026-04-01,222.0,1,55.68634033203125,218.0,0.0
181147,181147,Belek Beach Resort Hotel,0,2026-05-01,676.0,1,95.6239013671875,161.0,78.03043365478516
181147,181147,Belek Beach Resort Hotel,0,2026-06-01,412.0,0,381.0931396484375,522.0,373.9107666015625
181147,181147,Belek Beach Resort Hotel,0,2026-07-01,1626.0,1,712.71630859375,1197.0,552.317626953125
181795,181795,Balmy Beach Resort (Adult Only +18) ,0,2026-01-01,0.0,1,0.10958480834960938,0.0,0.0
181795,181795,Balmy Beach Resort (Adult Only +18) ,0,2026-02-01,0.0,0,0.27350807189941406,0.0,0.2690753936767578
181795,181795,Balmy Beach Resort (Adult Only +18) ,0,2026-03-01,0.0,1,2.680055618286133,4.0,0.0140132904052734
181795,181795,Balmy Beach Resort (Adult Only +18) ,0,2026-04-01,3.0,1,6.745317459106445,23.0,0.0
181795,181795,Balmy Beach Resort (Adult Only +18) ,0,2026-05-01,42.0,1,10.412208557128906,18.0,1.9773178100585935
181795,181795,Balmy Beach Resort (Adult Only +18) ,0,2026-06-01,63.0,0,46.82292175292969,76.0,30.05952453613281
181795,181795,Balmy Beach Resort (Adult Only +18) ,0,2026-07-01,124.0,1,91.66191101074219,130.0,48.66493225097656
181836,181836,La Benata Hotel,0,2026-01-01,0.0,1,0.7715072631835938,0.0,0.0
181836,181836,La Benata Hotel,0,2026-02-01,0.0,0,1.6046676635742188,0.0,0.0
181836,181836,La Benata Hotel,0,2026-03-01,0.0,1,10.97711181640625,0.0,0.0
181836,181836,La Benata Hotel,0,2026-04-01,5.0,1,23.25811004638672,0.0,0.0
181836,181836,La Benata Hotel,0,2026-05-01,605.0,1,29.64240264892578,0.0,0.0
181836,181836,La Benata Hotel,0,2026-06-01,122.0,0,162.29031372070312,131.0,86.37893676757812
181836,181836,La Benata Hotel,0,2026-07-01,1158.0,1,334.2281494140625,402.0,160.43710327148438
182141,182141,Algora Halal Hotel,1,2026-01-01,0.0,1,0.0,0.0,0.0
182141,182141,Algora Halal Hotel,1,2026-02-01,0.0,0,0.0,0.0,0.0
182141,182141,Algora Halal Hotel,1,2026-03-01,0.0,1,0.0,0.0,0.0
182141,182141,Algora Halal Hotel,1,2026-04-01,0.0,1,0.0,0.0,0.0
182141,182141,Algora Halal Hotel,1,2026-05-01,4.0,1,0.701507568359375,2.0,0.0
182141,182141,Algora Halal Hotel,1,2026-06-01,2.0,0,7.028019905090332,11.0,0.0
182141,182141,Algora Halal Hotel,1,2026-07-01,84.0,1,9.898336410522461,23.0,0.0
